layout_pass,circuit_type,num_qubits,topology,status,error,Gate Count,Circuit Depth,2Q Count,2Q Depth
qlego-qiskit_TrivialLayoutPass,DJ Circuit,5,heavy_hex,success,,55.0,31.0,19.0,16.0
qlego-qiskit_DenseLayoutPass,DJ Circuit,5,heavy_hex,success,,55.0,31.0,19.0,16.0
qlego-qiskit_SabreLayoutPass,DJ Circuit,5,heavy_hex,success,,43.0,19.0,7.0,7.0
qlego-qiskit_VF2LayoutPass,DJ Circuit,5,heavy_hex,failed,qiskit.transpiler.exceptions.TranspilerError: 'Layout algorithm failed to find a valid mapping.',,,,
qlego-qiskit_CSPLayoutPass,DJ Circuit,5,heavy_hex,failed,"qiskit.exceptions.MissingOptionalLibraryError: ""The 'python-constraint' library is required to use 'CSPLayout'. You can install it with 'pip install python-constraint'.""",,,,
qlego-qiskit_PresetLayoutPass,DJ Circuit,5,heavy_hex,success,,43.0,19.0,7.0,7.0
qlego-tket_LinePlacementPass,DJ Circuit,5,heavy_hex,failed,ModuleNotFoundError: No module named 'pytket',,,,
qlego-tket_GraphPlacementPass,DJ Circuit,5,heavy_hex,failed,ModuleNotFoundError: No module named 'pytket',,,,
qlego-tket_NoiseAwarePlacementPass,DJ Circuit,5,heavy_hex,failed,ModuleNotFoundError: No module named 'pytket',,,,
qlego-bqskit_GeneralizedSabrePass,DJ Circuit,5,heavy_hex,failed,ModuleNotFoundError: No module named 'bqskit',,,,
qlego-bqskit_TrivialPlacementPass,DJ Circuit,5,heavy_hex,failed,ModuleNotFoundError: No module named 'bqskit',,,,
qlego-bqskit_GreedyPlacementPass,DJ Circuit,5,heavy_hex,failed,ModuleNotFoundError: No module named 'bqskit',,,,
qlego-bqskit_PAMLayoutPass,DJ Circuit,5,heavy_hex,failed,ModuleNotFoundError: No module named 'bqskit',,,,
qlego-bqskit_SubtopologySelectionPass,DJ Circuit,5,heavy_hex,failed,ModuleNotFoundError: No module named 'bqskit',,,,
qlego-cirq_LinePlacementStrategyPass,DJ Circuit,5,heavy_hex,failed,ModuleNotFoundError: No module named 'cirq.routing',,,,
qlego-cirq_GreedySequenceSearchPass,DJ Circuit,5,heavy_hex,failed,ModuleNotFoundError: No module named 'cirq.routing',,,,
qlego-cirq_AnnealSequenceSearchPass,DJ Circuit,5,heavy_hex,failed,ModuleNotFoundError: No module named 'cirq.routing',,,,
qlego-qiskit_TrivialLayoutPass,GHZ Circuit,5,heavy_hex,success,,12.0,8.0,4.0,4.0
qlego-qiskit_DenseLayoutPass,GHZ Circuit,5,heavy_hex,success,,12.0,8.0,4.0,4.0
qlego-qiskit_SabreLayoutPass,GHZ Circuit,5,heavy_hex,success,,12.0,8.0,4.0,4.0
qlego-qiskit_VF2LayoutPass,GHZ Circuit,5,heavy_hex,success,,12.0,8.0,4.0,4.0
qlego-qiskit_CSPLayoutPass,GHZ Circuit,5,heavy_hex,failed,"qiskit.exceptions.MissingOptionalLibraryError: ""The 'python-constraint' library is required to use 'CSPLayout'. You can install it with 'pip install python-constraint'.""",,,,
qlego-qiskit_PresetLayoutPass,GHZ Circuit,5,heavy_hex,success,,12.0,8.0,4.0,4.0
qlego-tket_LinePlacementPass,GHZ Circuit,5,heavy_hex,failed,ModuleNotFoundError: No module named 'pytket',,,,
qlego-tket_GraphPlacementPass,GHZ Circuit,5,heavy_hex,failed,ModuleNotFoundError: No module named 'pytket',,,,
qlego-tket_NoiseAwarePlacementPass,GHZ Circuit,5,heavy_hex,failed,ModuleNotFoundError: No module named 'pytket',,,,
qlego-bqskit_GeneralizedSabrePass,GHZ Circuit,5,heavy_hex,failed,ModuleNotFoundError: No module named 'bqskit',,,,
qlego-bqskit_TrivialPlacementPass,GHZ Circuit,5,heavy_hex,failed,ModuleNotFoundError: No module named 'bqskit',,,,
qlego-bqskit_GreedyPlacementPass,GHZ Circuit,5,heavy_hex,failed,ModuleNotFoundError: No module named 'bqskit',,,,
qlego-bqskit_PAMLayoutPass,GHZ Circuit,5,heavy_hex,failed,ModuleNotFoundError: No module named 'bqskit',,,,
qlego-bqskit_SubtopologySelectionPass,GHZ Circuit,5,heavy_hex,failed,ModuleNotFoundError: No module named 'bqskit',,,,
qlego-cirq_LinePlacementStrategyPass,GHZ Circuit,5,heavy_hex,failed,ModuleNotFoundError: No module named 'cirq.routing',,,,
qlego-cirq_GreedySequenceSearchPass,GHZ Circuit,5,heavy_hex,failed,ModuleNotFoundError: No module named 'cirq.routing',,,,
qlego-cirq_AnnealSequenceSearchPass,GHZ Circuit,5,heavy_hex,failed,ModuleNotFoundError: No module named 'cirq.routing',,,,
qlego-qiskit_TrivialLayoutPass,Grover Circuit,5,heavy_hex,success,,849.0,674.0,423.0,378.0
qlego-qiskit_DenseLayoutPass,Grover Circuit,5,heavy_hex,success,,849.0,674.0,423.0,378.0
qlego-qiskit_SabreLayoutPass,Grover Circuit,5,heavy_hex,success,,825.0,671.0,399.0,376.0
qlego-qiskit_VF2LayoutPass,Grover Circuit,5,heavy_hex,failed,qiskit.transpiler.exceptions.TranspilerError: 'Layout algorithm failed to find a valid mapping.',,,,
qlego-qiskit_CSPLayoutPass,Grover Circuit,5,heavy_hex,failed,"qiskit.exceptions.MissingOptionalLibraryError: ""The 'python-constraint' library is required to use 'CSPLayout'. You can install it with 'pip install python-constraint'.""",,,,
qlego-qiskit_PresetLayoutPass,Grover Circuit,5,heavy_hex,success,,816.0,624.0,390.0,356.0
qlego-tket_LinePlacementPass,Grover Circuit,5,heavy_hex,failed,ModuleNotFoundError: No module named 'pytket',,,,
qlego-tket_GraphPlacementPass,Grover Circuit,5,heavy_hex,failed,ModuleNotFoundError: No module named 'pytket',,,,
qlego-tket_NoiseAwarePlacementPass,Grover Circuit,5,heavy_hex,failed,ModuleNotFoundError: No module named 'pytket',,,,
qlego-bqskit_GeneralizedSabrePass,Grover Circuit,5,heavy_hex,failed,ModuleNotFoundError: No module named 'bqskit',,,,
qlego-bqskit_TrivialPlacementPass,Grover Circuit,5,heavy_hex,failed,ModuleNotFoundError: No module named 'bqskit',,,,
qlego-bqskit_GreedyPlacementPass,Grover Circuit,5,heavy_hex,failed,ModuleNotFoundError: No module named 'bqskit',,,,
qlego-bqskit_PAMLayoutPass,Grover Circuit,5,heavy_hex,failed,ModuleNotFoundError: No module named 'bqskit',,,,
qlego-bqskit_SubtopologySelectionPass,Grover Circuit,5,heavy_hex,failed,ModuleNotFoundError: No module named 'bqskit',,,,
qlego-cirq_LinePlacementStrategyPass,Grover Circuit,5,heavy_hex,failed,ModuleNotFoundError: No module named 'cirq.routing',,,,
qlego-cirq_GreedySequenceSearchPass,Grover Circuit,5,heavy_hex,failed,ModuleNotFoundError: No module named 'cirq.routing',,,,
qlego-cirq_AnnealSequenceSearchPass,Grover Circuit,5,heavy_hex,failed,ModuleNotFoundError: No module named 'cirq.routing',,,,
qlego-qiskit_TrivialLayoutPass,QFT Circuit,5,heavy_hex,success,,100.0,72.0,50.0,40.0
qlego-qiskit_DenseLayoutPass,QFT Circuit,5,heavy_hex,success,,100.0,72.0,50.0,40.0
qlego-qiskit_SabreLayoutPass,QFT Circuit,5,heavy_hex,success,,82.0,62.0,32.0,28.0
qlego-qiskit_VF2LayoutPass,QFT Circuit,5,heavy_hex,failed,qiskit.transpiler.exceptions.TranspilerError: 'Layout algorithm failed to find a valid mapping.',,,,
qlego-qiskit_CSPLayoutPass,QFT Circuit,5,heavy_hex,failed,"qiskit.exceptions.MissingOptionalLibraryError: ""The 'python-constraint' library is required to use 'CSPLayout'. You can install it with 'pip install python-constraint'.""",,,,
qlego-qiskit_PresetLayoutPass,QFT Circuit,5,heavy_hex,success,,82.0,53.0,32.0,28.0
qlego-tket_LinePlacementPass,QFT Circuit,5,heavy_hex,failed,ModuleNotFoundError: No module named 'pytket',,,,
qlego-tket_GraphPlacementPass,QFT Circuit,5,heavy_hex,failed,ModuleNotFoundError: No module named 'pytket',,,,
qlego-tket_NoiseAwarePlacementPass,QFT Circuit,5,heavy_hex,failed,ModuleNotFoundError: No module named 'pytket',,,,
qlego-bqskit_GeneralizedSabrePass,QFT Circuit,5,heavy_hex,failed,ModuleNotFoundError: No module named 'bqskit',,,,
qlego-bqskit_TrivialPlacementPass,QFT Circuit,5,heavy_hex,failed,ModuleNotFoundError: No module named 'bqskit',,,,
qlego-bqskit_GreedyPlacementPass,QFT Circuit,5,heavy_hex,failed,ModuleNotFoundError: No module named 'bqskit',,,,
qlego-bqskit_PAMLayoutPass,QFT Circuit,5,heavy_hex,failed,ModuleNotFoundError: No module named 'bqskit',,,,
qlego-bqskit_SubtopologySelectionPass,QFT Circuit,5,heavy_hex,failed,ModuleNotFoundError: No module named 'bqskit',,,,
qlego-cirq_LinePlacementStrategyPass,QFT Circuit,5,heavy_hex,failed,ModuleNotFoundError: No module named 'cirq.routing',,,,
qlego-cirq_GreedySequenceSearchPass,QFT Circuit,5,heavy_hex,failed,ModuleNotFoundError: No module named 'cirq.routing',,,,
qlego-cirq_AnnealSequenceSearchPass,QFT Circuit,5,heavy_hex,failed,ModuleNotFoundError: No module named 'cirq.routing',,,,
qlego-qiskit_TrivialLayoutPass,Amplitude Estimation Circuit,5,heavy_hex,success,,319.0,255.0,72.0,69.0
qlego-qiskit_DenseLayoutPass,Amplitude Estimation Circuit,5,heavy_hex,success,,319.0,255.0,72.0,69.0
qlego-qiskit_SabreLayoutPass,Amplitude Estimation Circuit,5,heavy_hex,success,,301.0,240.0,54.0,54.0
qlego-qiskit_VF2LayoutPass,Amplitude Estimation Circuit,5,heavy_hex,failed,qiskit.transpiler.exceptions.TranspilerError: 'Layout algorithm failed to find a valid mapping.',,,,
qlego-qiskit_CSPLayoutPass,Amplitude Estimation Circuit,5,heavy_hex,failed,"qiskit.exceptions.MissingOptionalLibraryError: ""The 'python-constraint' library is required to use 'CSPLayout'. You can install it with 'pip install python-constraint'.""",,,,
qlego-qiskit_PresetLayoutPass,Amplitude Estimation Circuit,5,heavy_hex,success,,301.0,245.0,54.0,54.0
qlego-tket_LinePlacementPass,Amplitude Estimation Circuit,5,heavy_hex,failed,ModuleNotFoundError: No module named 'pytket',,,,
qlego-tket_GraphPlacementPass,Amplitude Estimation Circuit,5,heavy_hex,failed,ModuleNotFoundError: No module named 'pytket',,,,
qlego-tket_NoiseAwarePlacementPass,Amplitude Estimation Circuit,5,heavy_hex,failed,ModuleNotFoundError: No module named 'pytket',,,,
qlego-bqskit_GeneralizedSabrePass,Amplitude Estimation Circuit,5,heavy_hex,failed,ModuleNotFoundError: No module named 'bqskit',,,,
qlego-bqskit_TrivialPlacementPass,Amplitude Estimation Circuit,5,heavy_hex,failed,ModuleNotFoundError: No module named 'bqskit',,,,
qlego-bqskit_GreedyPlacementPass,Amplitude Estimation Circuit,5,heavy_hex,failed,ModuleNotFoundError: No module named 'bqskit',,,,
qlego-bqskit_PAMLayoutPass,Amplitude Estimation Circuit,5,heavy_hex,failed,ModuleNotFoundError: No module named 'bqskit',,,,
qlego-bqskit_SubtopologySelectionPass,Amplitude Estimation Circuit,5,heavy_hex,failed,ModuleNotFoundError: No module named 'bqskit',,,,
qlego-cirq_LinePlacementStrategyPass,Amplitude Estimation Circuit,5,heavy_hex,failed,ModuleNotFoundError: No module named 'cirq.routing',,,,
qlego-cirq_GreedySequenceSearchPass,Amplitude Estimation Circuit,5,heavy_hex,failed,ModuleNotFoundError: No module named 'cirq.routing',,,,
qlego-cirq_AnnealSequenceSearchPass,Amplitude Estimation Circuit,5,heavy_hex,failed,ModuleNotFoundError: No module named 'cirq.routing',,,,
qlego-qiskit_TrivialLayoutPass,Quantum Phase Estimation Circuit,5,heavy_hex,success,,109.0,82.0,50.0,47.0
qlego-qiskit_DenseLayoutPass,Quantum Phase Estimation Circuit,5,heavy_hex,success,,109.0,82.0,50.0,47.0
qlego-qiskit_SabreLayoutPass,Quantum Phase Estimation Circuit,5,heavy_hex,success,,91.0,59.0,32.0,32.0
qlego-qiskit_VF2LayoutPass,Quantum Phase Estimation Circuit,5,heavy_hex,failed,qiskit.transpiler.exceptions.TranspilerError: 'Layout algorithm failed to find a valid mapping.',,,,
qlego-qiskit_CSPLayoutPass,Quantum Phase Estimation Circuit,5,heavy_hex,failed,"qiskit.exceptions.MissingOptionalLibraryError: ""The 'python-constraint' library is required to use 'CSPLayout'. You can install it with 'pip install python-constraint'.""",,,,
qlego-qiskit_PresetLayoutPass,Quantum Phase Estimation Circuit,5,heavy_hex,success,,91.0,68.0,32.0,32.0
qlego-tket_LinePlacementPass,Quantum Phase Estimation Circuit,5,heavy_hex,failed,ModuleNotFoundError: No module named 'pytket',,,,
qlego-tket_GraphPlacementPass,Quantum Phase Estimation Circuit,5,heavy_hex,failed,ModuleNotFoundError: No module named 'pytket',,,,
qlego-tket_NoiseAwarePlacementPass,Quantum Phase Estimation Circuit,5,heavy_hex,failed,ModuleNotFoundError: No module named 'pytket',,,,
qlego-bqskit_GeneralizedSabrePass,Quantum Phase Estimation Circuit,5,heavy_hex,failed,ModuleNotFoundError: No module named 'bqskit',,,,
qlego-bqskit_TrivialPlacementPass,Quantum Phase Estimation Circuit,5,heavy_hex,failed,ModuleNotFoundError: No module named 'bqskit',,,,
qlego-bqskit_GreedyPlacementPass,Quantum Phase Estimation Circuit,5,heavy_hex,failed,ModuleNotFoundError: No module named 'bqskit',,,,
qlego-bqskit_PAMLayoutPass,Quantum Phase Estimation Circuit,5,heavy_hex,failed,ModuleNotFoundError: No module named 'bqskit',,,,
qlego-bqskit_SubtopologySelectionPass,Quantum Phase Estimation Circuit,5,heavy_hex,failed,ModuleNotFoundError: No module named 'bqskit',,,,
qlego-cirq_LinePlacementStrategyPass,Quantum Phase Estimation Circuit,5,heavy_hex,failed,ModuleNotFoundError: No module named 'cirq.routing',,,,
qlego-cirq_GreedySequenceSearchPass,Quantum Phase Estimation Circuit,5,heavy_hex,failed,ModuleNotFoundError: No module named 'cirq.routing',,,,
qlego-cirq_AnnealSequenceSearchPass,Quantum Phase Estimation Circuit,5,heavy_hex,failed,ModuleNotFoundError: No module named 'cirq.routing',,,,
qlego-qiskit_TrivialLayoutPass,W State Circuit,5,heavy_hex,success,,78.0,46.0,8.0,6.0
qlego-qiskit_DenseLayoutPass,W State Circuit,5,heavy_hex,success,,78.0,46.0,8.0,6.0
qlego-qiskit_SabreLayoutPass,W State Circuit,5,heavy_hex,success,,78.0,46.0,8.0,6.0
qlego-qiskit_VF2LayoutPass,W State Circuit,5,heavy_hex,success,,78.0,46.0,8.0,6.0
qlego-qiskit_CSPLayoutPass,W State Circuit,5,heavy_hex,failed,"qiskit.exceptions.MissingOptionalLibraryError: ""The 'python-constraint' library is required to use 'CSPLayout'. You can install it with 'pip install python-constraint'.""",,,,
qlego-qiskit_PresetLayoutPass,W State Circuit,5,heavy_hex,success,,78.0,46.0,8.0,6.0
qlego-tket_LinePlacementPass,W State Circuit,5,heavy_hex,failed,ModuleNotFoundError: No module named 'pytket',,,,
qlego-tket_GraphPlacementPass,W State Circuit,5,heavy_hex,failed,ModuleNotFoundError: No module named 'pytket',,,,
qlego-tket_NoiseAwarePlacementPass,W State Circuit,5,heavy_hex,failed,ModuleNotFoundError: No module named 'pytket',,,,
qlego-bqskit_GeneralizedSabrePass,W State Circuit,5,heavy_hex,failed,ModuleNotFoundError: No module named 'bqskit',,,,
qlego-bqskit_TrivialPlacementPass,W State Circuit,5,heavy_hex,failed,ModuleNotFoundError: No module named 'bqskit',,,,
qlego-bqskit_GreedyPlacementPass,W State Circuit,5,heavy_hex,failed,ModuleNotFoundError: No module named 'bqskit',,,,
qlego-bqskit_PAMLayoutPass,W State Circuit,5,heavy_hex,failed,ModuleNotFoundError: No module named 'bqskit',,,,
qlego-bqskit_SubtopologySelectionPass,W State Circuit,5,heavy_hex,failed,ModuleNotFoundError: No module named 'bqskit',,,,
qlego-cirq_LinePlacementStrategyPass,W State Circuit,5,heavy_hex,failed,ModuleNotFoundError: No module named 'cirq.routing',,,,
qlego-cirq_GreedySequenceSearchPass,W State Circuit,5,heavy_hex,failed,ModuleNotFoundError: No module named 'cirq.routing',,,,
qlego-cirq_AnnealSequenceSearchPass,W State Circuit,5,heavy_hex,failed,ModuleNotFoundError: No module named 'cirq.routing',,,,
qlego-qiskit_TrivialLayoutPass,Half Adder Circuit,5,heavy_hex,success,,81.0,61.0,43.0,39.0
qlego-qiskit_DenseLayoutPass,Half Adder Circuit,5,heavy_hex,success,,81.0,61.0,43.0,39.0
qlego-qiskit_SabreLayoutPass,Half Adder Circuit,5,heavy_hex,success,,72.0,58.0,34.0,33.0
qlego-qiskit_VF2LayoutPass,Half Adder Circuit,5,heavy_hex,failed,qiskit.transpiler.exceptions.TranspilerError: 'Layout algorithm failed to find a valid mapping.',,,,
qlego-qiskit_CSPLayoutPass,Half Adder Circuit,5,heavy_hex,failed,"qiskit.exceptions.MissingOptionalLibraryError: ""The 'python-constraint' library is required to use 'CSPLayout'. You can install it with 'pip install python-constraint'.""",,,,
qlego-qiskit_PresetLayoutPass,Half Adder Circuit,5,heavy_hex,success,,72.0,58.0,34.0,33.0
qlego-tket_LinePlacementPass,Half Adder Circuit,5,heavy_hex,failed,ModuleNotFoundError: No module named 'pytket',,,,
qlego-tket_GraphPlacementPass,Half Adder Circuit,5,heavy_hex,failed,ModuleNotFoundError: No module named 'pytket',,,,
qlego-tket_NoiseAwarePlacementPass,Half Adder Circuit,5,heavy_hex,failed,ModuleNotFoundError: No module named 'pytket',,,,
qlego-bqskit_GeneralizedSabrePass,Half Adder Circuit,5,heavy_hex,failed,ModuleNotFoundError: No module named 'bqskit',,,,
qlego-bqskit_TrivialPlacementPass,Half Adder Circuit,5,heavy_hex,failed,ModuleNotFoundError: No module named 'bqskit',,,,
qlego-bqskit_GreedyPlacementPass,Half Adder Circuit,5,heavy_hex,failed,ModuleNotFoundError: No module named 'bqskit',,,,
qlego-bqskit_PAMLayoutPass,Half Adder Circuit,5,heavy_hex,failed,ModuleNotFoundError: No module named 'bqskit',,,,
qlego-bqskit_SubtopologySelectionPass,Half Adder Circuit,5,heavy_hex,failed,ModuleNotFoundError: No module named 'bqskit',,,,
qlego-cirq_LinePlacementStrategyPass,Half Adder Circuit,5,heavy_hex,failed,ModuleNotFoundError: No module named 'cirq.routing',,,,
qlego-cirq_GreedySequenceSearchPass,Half Adder Circuit,5,heavy_hex,failed,ModuleNotFoundError: No module named 'cirq.routing',,,,
qlego-cirq_AnnealSequenceSearchPass,Half Adder Circuit,5,heavy_hex,failed,ModuleNotFoundError: No module named 'cirq.routing',,,,
qlego-qiskit_TrivialLayoutPass,DJ Circuit,10,heavy_hex,success,,151.0,80.0,72.0,49.0
qlego-qiskit_DenseLayoutPass,DJ Circuit,10,heavy_hex,success,,142.0,73.0,63.0,47.0
qlego-qiskit_SabreLayoutPass,DJ Circuit,10,heavy_hex,success,,109.0,47.0,30.0,30.0
qlego-qiskit_VF2LayoutPass,DJ Circuit,10,heavy_hex,failed,qiskit.transpiler.exceptions.TranspilerError: 'Layout algorithm failed to find a valid mapping.',,,,
qlego-qiskit_CSPLayoutPass,DJ Circuit,10,heavy_hex,failed,"qiskit.exceptions.MissingOptionalLibraryError: ""The 'python-constraint' library is required to use 'CSPLayout'. You can install it with 'pip install python-constraint'.""",,,,
qlego-qiskit_PresetLayoutPass,DJ Circuit,10,heavy_hex,success,,103.0,39.0,24.0,24.0
qlego-tket_LinePlacementPass,DJ Circuit,10,heavy_hex,failed,ModuleNotFoundError: No module named 'pytket',,,,
qlego-tket_GraphPlacementPass,DJ Circuit,10,heavy_hex,failed,ModuleNotFoundError: No module named 'pytket',,,,
qlego-tket_NoiseAwarePlacementPass,DJ Circuit,10,heavy_hex,failed,ModuleNotFoundError: No module named 'pytket',,,,
qlego-bqskit_GeneralizedSabrePass,DJ Circuit,10,heavy_hex,failed,ModuleNotFoundError: No module named 'bqskit',,,,
qlego-bqskit_TrivialPlacementPass,DJ Circuit,10,heavy_hex,failed,ModuleNotFoundError: No module named 'bqskit',,,,
qlego-bqskit_GreedyPlacementPass,DJ Circuit,10,heavy_hex,failed,ModuleNotFoundError: No module named 'bqskit',,,,
qlego-bqskit_PAMLayoutPass,DJ Circuit,10,heavy_hex,failed,ModuleNotFoundError: No module named 'bqskit',,,,
qlego-bqskit_SubtopologySelectionPass,DJ Circuit,10,heavy_hex,failed,ModuleNotFoundError: No module named 'bqskit',,,,
qlego-cirq_LinePlacementStrategyPass,DJ Circuit,10,heavy_hex,failed,ModuleNotFoundError: No module named 'cirq.routing',,,,
qlego-cirq_GreedySequenceSearchPass,DJ Circuit,10,heavy_hex,failed,ModuleNotFoundError: No module named 'cirq.routing',,,,
qlego-cirq_AnnealSequenceSearchPass,DJ Circuit,10,heavy_hex,failed,ModuleNotFoundError: No module named 'cirq.routing',,,,
qlego-qiskit_TrivialLayoutPass,GHZ Circuit,10,heavy_hex,success,,22.0,13.0,9.0,9.0
qlego-qiskit_DenseLayoutPass,GHZ Circuit,10,heavy_hex,success,,25.0,16.0,12.0,12.0
qlego-qiskit_SabreLayoutPass,GHZ Circuit,10,heavy_hex,success,,22.0,13.0,9.0,9.0
qlego-qiskit_VF2LayoutPass,GHZ Circuit,10,heavy_hex,success,,22.0,13.0,9.0,9.0
qlego-qiskit_CSPLayoutPass,GHZ Circuit,10,heavy_hex,failed,"qiskit.exceptions.MissingOptionalLibraryError: ""The 'python-constraint' library is required to use 'CSPLayout'. You can install it with 'pip install python-constraint'.""",,,,
qlego-qiskit_PresetLayoutPass,GHZ Circuit,10,heavy_hex,success,,22.0,13.0,9.0,9.0
qlego-tket_LinePlacementPass,GHZ Circuit,10,heavy_hex,failed,ModuleNotFoundError: No module named 'pytket',,,,
qlego-tket_GraphPlacementPass,GHZ Circuit,10,heavy_hex,failed,ModuleNotFoundError: No module named 'pytket',,,,
qlego-tket_NoiseAwarePlacementPass,GHZ Circuit,10,heavy_hex,failed,ModuleNotFoundError: No module named 'pytket',,,,
qlego-bqskit_GeneralizedSabrePass,GHZ Circuit,10,heavy_hex,failed,ModuleNotFoundError: No module named 'bqskit',,,,
qlego-bqskit_TrivialPlacementPass,GHZ Circuit,10,heavy_hex,failed,ModuleNotFoundError: No module named 'bqskit',,,,
qlego-bqskit_GreedyPlacementPass,GHZ Circuit,10,heavy_hex,failed,ModuleNotFoundError: No module named 'bqskit',,,,
qlego-bqskit_PAMLayoutPass,GHZ Circuit,10,heavy_hex,failed,ModuleNotFoundError: No module named 'bqskit',,,,
qlego-bqskit_SubtopologySelectionPass,GHZ Circuit,10,heavy_hex,failed,ModuleNotFoundError: No module named 'bqskit',,,,
qlego-cirq_LinePlacementStrategyPass,GHZ Circuit,10,heavy_hex,failed,ModuleNotFoundError: No module named 'cirq.routing',,,,
qlego-cirq_GreedySequenceSearchPass,GHZ Circuit,10,heavy_hex,failed,ModuleNotFoundError: No module named 'cirq.routing',,,,
qlego-cirq_AnnealSequenceSearchPass,GHZ Circuit,10,heavy_hex,failed,ModuleNotFoundError: No module named 'cirq.routing',,,,
qlego-qiskit_TrivialLayoutPass,Grover Circuit,10,heavy_hex,success,,68013.0,48566.0,40350.0,29960.0
qlego-qiskit_DenseLayoutPass,Grover Circuit,10,heavy_hex,success,,66477.0,49028.0,38814.0,29989.0
qlego-qiskit_SabreLayoutPass,Grover Circuit,10,heavy_hex,success,,64953.0,48788.0,37290.0,29761.0
qlego-qiskit_VF2LayoutPass,Grover Circuit,10,heavy_hex,failed,qiskit.transpiler.exceptions.TranspilerError: 'Layout algorithm failed to find a valid mapping.',,,,
qlego-qiskit_CSPLayoutPass,Grover Circuit,10,heavy_hex,failed,"qiskit.exceptions.MissingOptionalLibraryError: ""The 'python-constraint' library is required to use 'CSPLayout'. You can install it with 'pip install python-constraint'.""",,,,
qlego-qiskit_PresetLayoutPass,Grover Circuit,10,heavy_hex,success,,59586.0,46168.0,31923.0,26041.0
qlego-tket_LinePlacementPass,Grover Circuit,10,heavy_hex,failed,ModuleNotFoundError: No module named 'pytket',,,,
qlego-tket_GraphPlacementPass,Grover Circuit,10,heavy_hex,failed,ModuleNotFoundError: No module named 'pytket',,,,
qlego-tket_NoiseAwarePlacementPass,Grover Circuit,10,heavy_hex,failed,ModuleNotFoundError: No module named 'pytket',,,,
qlego-bqskit_GeneralizedSabrePass,Grover Circuit,10,heavy_hex,failed,ModuleNotFoundError: No module named 'bqskit',,,,
qlego-bqskit_TrivialPlacementPass,Grover Circuit,10,heavy_hex,failed,ModuleNotFoundError: No module named 'bqskit',,,,
qlego-bqskit_GreedyPlacementPass,Grover Circuit,10,heavy_hex,failed,ModuleNotFoundError: No module named 'bqskit',,,,
qlego-bqskit_PAMLayoutPass,Grover Circuit,10,heavy_hex,failed,ModuleNotFoundError: No module named 'bqskit',,,,
qlego-bqskit_SubtopologySelectionPass,Grover Circuit,10,heavy_hex,failed,ModuleNotFoundError: No module named 'bqskit',,,,
qlego-cirq_LinePlacementStrategyPass,Grover Circuit,10,heavy_hex,failed,ModuleNotFoundError: No module named 'cirq.routing',,,,
qlego-cirq_GreedySequenceSearchPass,Grover Circuit,10,heavy_hex,failed,ModuleNotFoundError: No module named 'cirq.routing',,,,
qlego-cirq_AnnealSequenceSearchPass,Grover Circuit,10,heavy_hex,failed,ModuleNotFoundError: No module named 'cirq.routing',,,,
qlego-qiskit_TrivialLayoutPass,QFT Circuit,10,heavy_hex,success,,409.0,201.0,234.0,127.0
qlego-qiskit_DenseLayoutPass,QFT Circuit,10,heavy_hex,success,,391.0,185.0,216.0,115.0
qlego-qiskit_SabreLayoutPass,QFT Circuit,10,heavy_hex,success,,364.0,184.0,189.0,114.0
qlego-qiskit_VF2LayoutPass,QFT Circuit,10,heavy_hex,failed,qiskit.transpiler.exceptions.TranspilerError: 'Layout algorithm failed to find a valid mapping.',,,,
qlego-qiskit_CSPLayoutPass,QFT Circuit,10,heavy_hex,failed,"qiskit.exceptions.MissingOptionalLibraryError: ""The 'python-constraint' library is required to use 'CSPLayout'. You can install it with 'pip install python-constraint'.""",,,,
qlego-qiskit_PresetLayoutPass,QFT Circuit,10,heavy_hex,success,,364.0,184.0,189.0,114.0
qlego-tket_LinePlacementPass,QFT Circuit,10,heavy_hex,failed,ModuleNotFoundError: No module named 'pytket',,,,
qlego-tket_GraphPlacementPass,QFT Circuit,10,heavy_hex,failed,ModuleNotFoundError: No module named 'pytket',,,,
qlego-tket_NoiseAwarePlacementPass,QFT Circuit,10,heavy_hex,failed,ModuleNotFoundError: No module named 'pytket',,,,
qlego-bqskit_GeneralizedSabrePass,QFT Circuit,10,heavy_hex,failed,ModuleNotFoundError: No module named 'bqskit',,,,
qlego-bqskit_TrivialPlacementPass,QFT Circuit,10,heavy_hex,failed,ModuleNotFoundError: No module named 'bqskit',,,,
qlego-bqskit_GreedyPlacementPass,QFT Circuit,10,heavy_hex,failed,ModuleNotFoundError: No module named 'bqskit',,,,
qlego-bqskit_PAMLayoutPass,QFT Circuit,10,heavy_hex,failed,ModuleNotFoundError: No module named 'bqskit',,,,
qlego-bqskit_SubtopologySelectionPass,QFT Circuit,10,heavy_hex,failed,ModuleNotFoundError: No module named 'bqskit',,,,
qlego-cirq_LinePlacementStrategyPass,QFT Circuit,10,heavy_hex,failed,ModuleNotFoundError: No module named 'cirq.routing',,,,
qlego-cirq_GreedySequenceSearchPass,QFT Circuit,10,heavy_hex,failed,ModuleNotFoundError: No module named 'cirq.routing',,,,
qlego-cirq_AnnealSequenceSearchPass,QFT Circuit,10,heavy_hex,failed,ModuleNotFoundError: No module named 'cirq.routing',,,,
qlego-qiskit_TrivialLayoutPass,Amplitude Estimation Circuit,10,heavy_hex,success,,8112.0,6834.0,1292.0,1170.0
qlego-qiskit_DenseLayoutPass,Amplitude Estimation Circuit,10,heavy_hex,success,,8115.0,6858.0,1295.0,1186.0
qlego-qiskit_SabreLayoutPass,Amplitude Estimation Circuit,10,heavy_hex,success,,8031.0,6796.0,1211.0,1126.0
qlego-qiskit_VF2LayoutPass,Amplitude Estimation Circuit,10,heavy_hex,failed,qiskit.transpiler.exceptions.TranspilerError: 'Layout algorithm failed to find a valid mapping.',,,,
qlego-qiskit_CSPLayoutPass,Amplitude Estimation Circuit,10,heavy_hex,failed,"qiskit.exceptions.MissingOptionalLibraryError: ""The 'python-constraint' library is required to use 'CSPLayout'. You can install it with 'pip install python-constraint'.""",,,,
qlego-qiskit_PresetLayoutPass,Amplitude Estimation Circuit,10,heavy_hex,success,,8013.0,6818.0,1193.0,1136.0
qlego-tket_LinePlacementPass,Amplitude Estimation Circuit,10,heavy_hex,failed,ModuleNotFoundError: No module named 'pytket',,,,
qlego-tket_GraphPlacementPass,Amplitude Estimation Circuit,10,heavy_hex,failed,ModuleNotFoundError: No module named 'pytket',,,,
qlego-tket_NoiseAwarePlacementPass,Amplitude Estimation Circuit,10,heavy_hex,failed,ModuleNotFoundError: No module named 'pytket',,,,
qlego-bqskit_GeneralizedSabrePass,Amplitude Estimation Circuit,10,heavy_hex,failed,ModuleNotFoundError: No module named 'bqskit',,,,
qlego-bqskit_TrivialPlacementPass,Amplitude Estimation Circuit,10,heavy_hex,failed,ModuleNotFoundError: No module named 'bqskit',,,,
qlego-bqskit_GreedyPlacementPass,Amplitude Estimation Circuit,10,heavy_hex,failed,ModuleNotFoundError: No module named 'bqskit',,,,
qlego-bqskit_PAMLayoutPass,Amplitude Estimation Circuit,10,heavy_hex,failed,ModuleNotFoundError: No module named 'bqskit',,,,
qlego-bqskit_SubtopologySelectionPass,Amplitude Estimation Circuit,10,heavy_hex,failed,ModuleNotFoundError: No module named 'bqskit',,,,
qlego-cirq_LinePlacementStrategyPass,Amplitude Estimation Circuit,10,heavy_hex,failed,ModuleNotFoundError: No module named 'cirq.routing',,,,
qlego-cirq_GreedySequenceSearchPass,Amplitude Estimation Circuit,10,heavy_hex,failed,ModuleNotFoundError: No module named 'cirq.routing',,,,
qlego-cirq_AnnealSequenceSearchPass,Amplitude Estimation Circuit,10,heavy_hex,failed,ModuleNotFoundError: No module named 'cirq.routing',,,,
qlego-qiskit_TrivialLayoutPass,Quantum Phase Estimation Circuit,10,heavy_hex,success,,492.0,261.0,305.0,188.0
qlego-qiskit_DenseLayoutPass,Quantum Phase Estimation Circuit,10,heavy_hex,success,,459.0,250.0,272.0,173.0
qlego-qiskit_SabreLayoutPass,Quantum Phase Estimation Circuit,10,heavy_hex,success,,393.0,179.0,206.0,113.0
qlego-qiskit_VF2LayoutPass,Quantum Phase Estimation Circuit,10,heavy_hex,failed,qiskit.transpiler.exceptions.TranspilerError: 'Layout algorithm failed to find a valid mapping.',,,,
qlego-qiskit_CSPLayoutPass,Quantum Phase Estimation Circuit,10,heavy_hex,failed,"qiskit.exceptions.MissingOptionalLibraryError: ""The 'python-constraint' library is required to use 'CSPLayout'. You can install it with 'pip install python-constraint'.""",,,,
qlego-qiskit_PresetLayoutPass,Quantum Phase Estimation Circuit,10,heavy_hex,success,,369.0,187.0,182.0,117.0
qlego-tket_LinePlacementPass,Quantum Phase Estimation Circuit,10,heavy_hex,failed,ModuleNotFoundError: No module named 'pytket',,,,
qlego-tket_GraphPlacementPass,Quantum Phase Estimation Circuit,10,heavy_hex,failed,ModuleNotFoundError: No module named 'pytket',,,,
qlego-tket_NoiseAwarePlacementPass,Quantum Phase Estimation Circuit,10,heavy_hex,failed,ModuleNotFoundError: No module named 'pytket',,,,
qlego-bqskit_GeneralizedSabrePass,Quantum Phase Estimation Circuit,10,heavy_hex,failed,ModuleNotFoundError: No module named 'bqskit',,,,
qlego-bqskit_TrivialPlacementPass,Quantum Phase Estimation Circuit,10,heavy_hex,failed,ModuleNotFoundError: No module named 'bqskit',,,,
qlego-bqskit_GreedyPlacementPass,Quantum Phase Estimation Circuit,10,heavy_hex,failed,ModuleNotFoundError: No module named 'bqskit',,,,
qlego-bqskit_PAMLayoutPass,Quantum Phase Estimation Circuit,10,heavy_hex,failed,ModuleNotFoundError: No module named 'bqskit',,,,
qlego-bqskit_SubtopologySelectionPass,Quantum Phase Estimation Circuit,10,heavy_hex,failed,ModuleNotFoundError: No module named 'bqskit',,,,
qlego-cirq_LinePlacementStrategyPass,Quantum Phase Estimation Circuit,10,heavy_hex,failed,ModuleNotFoundError: No module named 'cirq.routing',,,,
qlego-cirq_GreedySequenceSearchPass,Quantum Phase Estimation Circuit,10,heavy_hex,failed,ModuleNotFoundError: No module named 'cirq.routing',,,,
qlego-cirq_AnnealSequenceSearchPass,Quantum Phase Estimation Circuit,10,heavy_hex,failed,ModuleNotFoundError: No module named 'cirq.routing',,,,
qlego-qiskit_TrivialLayoutPass,W State Circuit,10,heavy_hex,success,,173.0,91.0,18.0,11.0
qlego-qiskit_DenseLayoutPass,W State Circuit,10,heavy_hex,success,,176.0,94.0,21.0,15.0
qlego-qiskit_SabreLayoutPass,W State Circuit,10,heavy_hex,success,,173.0,91.0,18.0,11.0
qlego-qiskit_VF2LayoutPass,W State Circuit,10,heavy_hex,success,,173.0,91.0,18.0,11.0
qlego-qiskit_CSPLayoutPass,W State Circuit,10,heavy_hex,failed,"qiskit.exceptions.MissingOptionalLibraryError: ""The 'python-constraint' library is required to use 'CSPLayout'. You can install it with 'pip install python-constraint'.""",,,,
qlego-qiskit_PresetLayoutPass,W State Circuit,10,heavy_hex,success,,173.0,91.0,18.0,11.0
qlego-tket_LinePlacementPass,W State Circuit,10,heavy_hex,failed,ModuleNotFoundError: No module named 'pytket',,,,
qlego-tket_GraphPlacementPass,W State Circuit,10,heavy_hex,failed,ModuleNotFoundError: No module named 'pytket',,,,
qlego-tket_NoiseAwarePlacementPass,W State Circuit,10,heavy_hex,failed,ModuleNotFoundError: No module named 'pytket',,,,
qlego-bqskit_GeneralizedSabrePass,W State Circuit,10,heavy_hex,failed,ModuleNotFoundError: No module named 'bqskit',,,,
qlego-bqskit_TrivialPlacementPass,W State Circuit,10,heavy_hex,failed,ModuleNotFoundError: No module named 'bqskit',,,,
qlego-bqskit_GreedyPlacementPass,W State Circuit,10,heavy_hex,failed,ModuleNotFoundError: No module named 'bqskit',,,,
qlego-bqskit_PAMLayoutPass,W State Circuit,10,heavy_hex,failed,ModuleNotFoundError: No module named 'bqskit',,,,
qlego-bqskit_SubtopologySelectionPass,W State Circuit,10,heavy_hex,failed,ModuleNotFoundError: No module named 'bqskit',,,,
qlego-cirq_LinePlacementStrategyPass,W State Circuit,10,heavy_hex,failed,ModuleNotFoundError: No module named 'cirq.routing',,,,
qlego-cirq_GreedySequenceSearchPass,W State Circuit,10,heavy_hex,failed,ModuleNotFoundError: No module named 'cirq.routing',,,,
qlego-cirq_AnnealSequenceSearchPass,W State Circuit,10,heavy_hex,failed,ModuleNotFoundError: No module named 'cirq.routing',,,,
qlego-qiskit_TrivialLayoutPass,DJ Circuit,15,heavy_hex,success,,219.0,99.0,101.0,71.0
qlego-qiskit_DenseLayoutPass,DJ Circuit,15,heavy_hex,success,,213.0,95.0,95.0,68.0
qlego-qiskit_SabreLayoutPass,DJ Circuit,15,heavy_hex,success,,165.0,77.0,47.0,46.0
qlego-qiskit_VF2LayoutPass,DJ Circuit,15,heavy_hex,failed,qiskit.transpiler.exceptions.TranspilerError: 'Layout algorithm failed to find a valid mapping.',,,,
qlego-qiskit_CSPLayoutPass,DJ Circuit,15,heavy_hex,failed,"qiskit.exceptions.MissingOptionalLibraryError: ""The 'python-constraint' library is required to use 'CSPLayout'. You can install it with 'pip install python-constraint'.""",,,,
qlego-qiskit_PresetLayoutPass,DJ Circuit,15,heavy_hex,success,,162.0,67.0,44.0,43.0
qlego-tket_LinePlacementPass,DJ Circuit,15,heavy_hex,failed,ModuleNotFoundError: No module named 'pytket',,,,
qlego-tket_GraphPlacementPass,DJ Circuit,15,heavy_hex,failed,ModuleNotFoundError: No module named 'pytket',,,,
qlego-tket_NoiseAwarePlacementPass,DJ Circuit,15,heavy_hex,failed,ModuleNotFoundError: No module named 'pytket',,,,
qlego-bqskit_GeneralizedSabrePass,DJ Circuit,15,heavy_hex,failed,ModuleNotFoundError: No module named 'bqskit',,,,
qlego-bqskit_TrivialPlacementPass,DJ Circuit,15,heavy_hex,failed,ModuleNotFoundError: No module named 'bqskit',,,,
qlego-bqskit_GreedyPlacementPass,DJ Circuit,15,heavy_hex,failed,ModuleNotFoundError: No module named 'bqskit',,,,
qlego-bqskit_PAMLayoutPass,DJ Circuit,15,heavy_hex,failed,ModuleNotFoundError: No module named 'bqskit',,,,
qlego-bqskit_SubtopologySelectionPass,DJ Circuit,15,heavy_hex,failed,ModuleNotFoundError: No module named 'bqskit',,,,
qlego-cirq_LinePlacementStrategyPass,DJ Circuit,15,heavy_hex,failed,ModuleNotFoundError: No module named 'cirq.routing',,,,
qlego-cirq_GreedySequenceSearchPass,DJ Circuit,15,heavy_hex,failed,ModuleNotFoundError: No module named 'cirq.routing',,,,
qlego-cirq_AnnealSequenceSearchPass,DJ Circuit,15,heavy_hex,failed,ModuleNotFoundError: No module named 'cirq.routing',,,,
qlego-qiskit_TrivialLayoutPass,GHZ Circuit,15,heavy_hex,success,,89.0,44.0,71.0,43.0
qlego-qiskit_DenseLayoutPass,GHZ Circuit,15,heavy_hex,success,,92.0,54.0,74.0,50.0
qlego-qiskit_SabreLayoutPass,GHZ Circuit,15,heavy_hex,success,,47.0,33.0,29.0,29.0
qlego-qiskit_VF2LayoutPass,GHZ Circuit,15,heavy_hex,success,,32.0,18.0,14.0,14.0
qlego-qiskit_CSPLayoutPass,GHZ Circuit,15,heavy_hex,failed,"qiskit.exceptions.MissingOptionalLibraryError: ""The 'python-constraint' library is required to use 'CSPLayout'. You can install it with 'pip install python-constraint'.""",,,,
qlego-qiskit_PresetLayoutPass,GHZ Circuit,15,heavy_hex,success,,32.0,18.0,14.0,14.0
qlego-tket_LinePlacementPass,GHZ Circuit,15,heavy_hex,failed,ModuleNotFoundError: No module named 'pytket',,,,
qlego-tket_GraphPlacementPass,GHZ Circuit,15,heavy_hex,failed,ModuleNotFoundError: No module named 'pytket',,,,
qlego-tket_NoiseAwarePlacementPass,GHZ Circuit,15,heavy_hex,failed,ModuleNotFoundError: No module named 'pytket',,,,
qlego-bqskit_GeneralizedSabrePass,GHZ Circuit,15,heavy_hex,failed,ModuleNotFoundError: No module named 'bqskit',,,,
qlego-bqskit_TrivialPlacementPass,GHZ Circuit,15,heavy_hex,failed,ModuleNotFoundError: No module named 'bqskit',,,,
qlego-bqskit_GreedyPlacementPass,GHZ Circuit,15,heavy_hex,failed,ModuleNotFoundError: No module named 'bqskit',,,,
qlego-bqskit_PAMLayoutPass,GHZ Circuit,15,heavy_hex,failed,ModuleNotFoundError: No module named 'bqskit',,,,
qlego-bqskit_SubtopologySelectionPass,GHZ Circuit,15,heavy_hex,failed,ModuleNotFoundError: No module named 'bqskit',,,,
qlego-cirq_LinePlacementStrategyPass,GHZ Circuit,15,heavy_hex,failed,ModuleNotFoundError: No module named 'cirq.routing',,,,
qlego-cirq_GreedySequenceSearchPass,GHZ Circuit,15,heavy_hex,failed,ModuleNotFoundError: No module named 'cirq.routing',,,,
qlego-cirq_AnnealSequenceSearchPass,GHZ Circuit,15,heavy_hex,failed,ModuleNotFoundError: No module named 'cirq.routing',,,,
qlego-qiskit_TrivialLayoutPass,Grover Circuit,15,heavy_hex,success,,1217131.0,955333.0,673573.0,532067.0
qlego-qiskit_DenseLayoutPass,Grover Circuit,15,heavy_hex,success,,1211482.0,950939.0,667924.0,525510.0
qlego-qiskit_SabreLayoutPass,Grover Circuit,15,heavy_hex,success,,1218811.0,959871.0,675253.0,538996.0
qlego-qiskit_VF2LayoutPass,Grover Circuit,15,heavy_hex,failed,qiskit.transpiler.exceptions.TranspilerError: 'Layout algorithm failed to find a valid mapping.',,,,
qlego-qiskit_CSPLayoutPass,Grover Circuit,15,heavy_hex,failed,"qiskit.exceptions.MissingOptionalLibraryError: ""The 'python-constraint' library is required to use 'CSPLayout'. You can install it with 'pip install python-constraint'.""",,,,
qlego-qiskit_PresetLayoutPass,Grover Circuit,15,heavy_hex,success,,1184197.0,936728.0,640639.0,511246.0
qlego-tket_LinePlacementPass,Grover Circuit,15,heavy_hex,failed,ModuleNotFoundError: No module named 'pytket',,,,
qlego-tket_GraphPlacementPass,Grover Circuit,15,heavy_hex,failed,ModuleNotFoundError: No module named 'pytket',,,,
qlego-tket_NoiseAwarePlacementPass,Grover Circuit,15,heavy_hex,failed,ModuleNotFoundError: No module named 'pytket',,,,
qlego-bqskit_GeneralizedSabrePass,Grover Circuit,15,heavy_hex,failed,ModuleNotFoundError: No module named 'bqskit',,,,
qlego-bqskit_TrivialPlacementPass,Grover Circuit,15,heavy_hex,failed,ModuleNotFoundError: No module named 'bqskit',,,,
qlego-bqskit_GreedyPlacementPass,Grover Circuit,15,heavy_hex,failed,ModuleNotFoundError: No module named 'bqskit',,,,
qlego-bqskit_PAMLayoutPass,Grover Circuit,15,heavy_hex,failed,ModuleNotFoundError: No module named 'bqskit',,,,
qlego-bqskit_SubtopologySelectionPass,Grover Circuit,15,heavy_hex,failed,ModuleNotFoundError: No module named 'bqskit',,,,
qlego-cirq_LinePlacementStrategyPass,Grover Circuit,15,heavy_hex,failed,ModuleNotFoundError: No module named 'cirq.routing',,,,
qlego-cirq_GreedySequenceSearchPass,Grover Circuit,15,heavy_hex,failed,ModuleNotFoundError: No module named 'cirq.routing',,,,
qlego-cirq_AnnealSequenceSearchPass,Grover Circuit,15,heavy_hex,failed,ModuleNotFoundError: No module named 'cirq.routing',,,,
qlego-qiskit_TrivialLayoutPass,QFT Circuit,15,heavy_hex,success,,1035.0,386.0,660.0,289.0
qlego-qiskit_DenseLayoutPass,QFT Circuit,15,heavy_hex,success,,1017.0,399.0,642.0,284.0
qlego-qiskit_SabreLayoutPass,QFT Circuit,15,heavy_hex,success,,867.0,350.0,492.0,234.0
qlego-qiskit_VF2LayoutPass,QFT Circuit,15,heavy_hex,failed,qiskit.transpiler.exceptions.TranspilerError: 'Layout algorithm failed to find a valid mapping.',,,,
qlego-qiskit_CSPLayoutPass,QFT Circuit,15,heavy_hex,failed,"qiskit.exceptions.MissingOptionalLibraryError: ""The 'python-constraint' library is required to use 'CSPLayout'. You can install it with 'pip install python-constraint'.""",,,,
qlego-qiskit_PresetLayoutPass,QFT Circuit,15,heavy_hex,success,,897.0,378.0,522.0,252.0
qlego-tket_LinePlacementPass,QFT Circuit,15,heavy_hex,failed,ModuleNotFoundError: No module named 'pytket',,,,
qlego-tket_GraphPlacementPass,QFT Circuit,15,heavy_hex,failed,ModuleNotFoundError: No module named 'pytket',,,,
qlego-tket_NoiseAwarePlacementPass,QFT Circuit,15,heavy_hex,failed,ModuleNotFoundError: No module named 'pytket',,,,
qlego-bqskit_GeneralizedSabrePass,QFT Circuit,15,heavy_hex,failed,ModuleNotFoundError: No module named 'bqskit',,,,
qlego-bqskit_TrivialPlacementPass,QFT Circuit,15,heavy_hex,failed,ModuleNotFoundError: No module named 'bqskit',,,,
qlego-bqskit_GreedyPlacementPass,QFT Circuit,15,heavy_hex,failed,ModuleNotFoundError: No module named 'bqskit',,,,
qlego-bqskit_PAMLayoutPass,QFT Circuit,15,heavy_hex,failed,ModuleNotFoundError: No module named 'bqskit',,,,
qlego-bqskit_SubtopologySelectionPass,QFT Circuit,15,heavy_hex,failed,ModuleNotFoundError: No module named 'bqskit',,,,
qlego-cirq_LinePlacementStrategyPass,QFT Circuit,15,heavy_hex,failed,ModuleNotFoundError: No module named 'cirq.routing',,,,
qlego-cirq_GreedySequenceSearchPass,QFT Circuit,15,heavy_hex,failed,ModuleNotFoundError: No module named 'cirq.routing',,,,
qlego-cirq_AnnealSequenceSearchPass,QFT Circuit,15,heavy_hex,failed,ModuleNotFoundError: No module named 'cirq.routing',,,,
qlego-qiskit_TrivialLayoutPass,Amplitude Estimation Circuit,15,heavy_hex,success,,246769.0,213358.0,33413.0,33056.0
qlego-qiskit_DenseLayoutPass,Amplitude Estimation Circuit,15,heavy_hex,success,,246781.0,213392.0,33425.0,33076.0
qlego-qiskit_SabreLayoutPass,Amplitude Estimation Circuit,15,heavy_hex,success,,246610.0,213336.0,33254.0,33028.0
qlego-qiskit_VF2LayoutPass,Amplitude Estimation Circuit,15,heavy_hex,failed,qiskit.transpiler.exceptions.TranspilerError: 'Layout algorithm failed to find a valid mapping.',,,,
qlego-qiskit_CSPLayoutPass,Amplitude Estimation Circuit,15,heavy_hex,failed,"qiskit.exceptions.MissingOptionalLibraryError: ""The 'python-constraint' library is required to use 'CSPLayout'. You can install it with 'pip install python-constraint'.""",,,,
qlego-qiskit_PresetLayoutPass,Amplitude Estimation Circuit,15,heavy_hex,success,,246586.0,213302.0,33230.0,32993.0
qlego-tket_LinePlacementPass,Amplitude Estimation Circuit,15,heavy_hex,failed,ModuleNotFoundError: No module named 'pytket',,,,
qlego-tket_GraphPlacementPass,Amplitude Estimation Circuit,15,heavy_hex,failed,ModuleNotFoundError: No module named 'pytket',,,,
qlego-tket_NoiseAwarePlacementPass,Amplitude Estimation Circuit,15,heavy_hex,failed,ModuleNotFoundError: No module named 'pytket',,,,
qlego-bqskit_GeneralizedSabrePass,Amplitude Estimation Circuit,15,heavy_hex,failed,ModuleNotFoundError: No module named 'bqskit',,,,
qlego-bqskit_TrivialPlacementPass,Amplitude Estimation Circuit,15,heavy_hex,failed,ModuleNotFoundError: No module named 'bqskit',,,,
qlego-bqskit_GreedyPlacementPass,Amplitude Estimation Circuit,15,heavy_hex,failed,ModuleNotFoundError: No module named 'bqskit',,,,
qlego-bqskit_PAMLayoutPass,Amplitude Estimation Circuit,15,heavy_hex,failed,ModuleNotFoundError: No module named 'bqskit',,,,
qlego-bqskit_SubtopologySelectionPass,Amplitude Estimation Circuit,15,heavy_hex,failed,ModuleNotFoundError: No module named 'bqskit',,,,
qlego-cirq_LinePlacementStrategyPass,Amplitude Estimation Circuit,15,heavy_hex,failed,ModuleNotFoundError: No module named 'cirq.routing',,,,
qlego-cirq_GreedySequenceSearchPass,Amplitude Estimation Circuit,15,heavy_hex,failed,ModuleNotFoundError: No module named 'cirq.routing',,,,
qlego-cirq_AnnealSequenceSearchPass,Amplitude Estimation Circuit,15,heavy_hex,failed,ModuleNotFoundError: No module named 'cirq.routing',,,,
qlego-qiskit_TrivialLayoutPass,Quantum Phase Estimation Circuit,15,heavy_hex,success,,1095.0,474.0,681.0,322.0
qlego-qiskit_DenseLayoutPass,Quantum Phase Estimation Circuit,15,heavy_hex,success,,1101.0,489.0,687.0,341.0
qlego-qiskit_SabreLayoutPass,Quantum Phase Estimation Circuit,15,heavy_hex,success,,945.0,402.0,531.0,276.0
qlego-qiskit_VF2LayoutPass,Quantum Phase Estimation Circuit,15,heavy_hex,failed,qiskit.transpiler.exceptions.TranspilerError: 'Layout algorithm failed to find a valid mapping.',,,,
qlego-qiskit_CSPLayoutPass,Quantum Phase Estimation Circuit,15,heavy_hex,failed,"qiskit.exceptions.MissingOptionalLibraryError: ""The 'python-constraint' library is required to use 'CSPLayout'. You can install it with 'pip install python-constraint'.""",,,,
qlego-qiskit_PresetLayoutPass,Quantum Phase Estimation Circuit,15,heavy_hex,success,,906.0,374.0,492.0,252.0
qlego-tket_LinePlacementPass,Quantum Phase Estimation Circuit,15,heavy_hex,failed,ModuleNotFoundError: No module named 'pytket',,,,
qlego-tket_GraphPlacementPass,Quantum Phase Estimation Circuit,15,heavy_hex,failed,ModuleNotFoundError: No module named 'pytket',,,,
qlego-tket_NoiseAwarePlacementPass,Quantum Phase Estimation Circuit,15,heavy_hex,failed,ModuleNotFoundError: No module named 'pytket',,,,
qlego-bqskit_GeneralizedSabrePass,Quantum Phase Estimation Circuit,15,heavy_hex,failed,ModuleNotFoundError: No module named 'bqskit',,,,
qlego-bqskit_TrivialPlacementPass,Quantum Phase Estimation Circuit,15,heavy_hex,failed,ModuleNotFoundError: No module named 'bqskit',,,,
qlego-bqskit_GreedyPlacementPass,Quantum Phase Estimation Circuit,15,heavy_hex,failed,ModuleNotFoundError: No module named 'bqskit',,,,
qlego-bqskit_PAMLayoutPass,Quantum Phase Estimation Circuit,15,heavy_hex,failed,ModuleNotFoundError: No module named 'bqskit',,,,
qlego-bqskit_SubtopologySelectionPass,Quantum Phase Estimation Circuit,15,heavy_hex,failed,ModuleNotFoundError: No module named 'bqskit',,,,
qlego-cirq_LinePlacementStrategyPass,Quantum Phase Estimation Circuit,15,heavy_hex,failed,ModuleNotFoundError: No module named 'cirq.routing',,,,
qlego-cirq_GreedySequenceSearchPass,Quantum Phase Estimation Circuit,15,heavy_hex,failed,ModuleNotFoundError: No module named 'cirq.routing',,,,
qlego-cirq_AnnealSequenceSearchPass,Quantum Phase Estimation Circuit,15,heavy_hex,failed,ModuleNotFoundError: No module named 'cirq.routing',,,,
qlego-qiskit_TrivialLayoutPass,W State Circuit,15,heavy_hex,success,,355.0,160.0,115.0,63.0
qlego-qiskit_DenseLayoutPass,W State Circuit,15,heavy_hex,success,,340.0,166.0,100.0,63.0
qlego-qiskit_SabreLayoutPass,W State Circuit,15,heavy_hex,success,,298.0,154.0,58.0,39.0
qlego-qiskit_VF2LayoutPass,W State Circuit,15,heavy_hex,success,,268.0,136.0,28.0,16.0
qlego-qiskit_CSPLayoutPass,W State Circuit,15,heavy_hex,failed,"qiskit.exceptions.MissingOptionalLibraryError: ""The 'python-constraint' library is required to use 'CSPLayout'. You can install it with 'pip install python-constraint'.""",,,,
qlego-qiskit_PresetLayoutPass,W State Circuit,15,heavy_hex,success,,268.0,136.0,28.0,16.0
qlego-tket_LinePlacementPass,W State Circuit,15,heavy_hex,failed,ModuleNotFoundError: No module named 'pytket',,,,
qlego-tket_GraphPlacementPass,W State Circuit,15,heavy_hex,failed,ModuleNotFoundError: No module named 'pytket',,,,
qlego-tket_NoiseAwarePlacementPass,W State Circuit,15,heavy_hex,failed,ModuleNotFoundError: No module named 'pytket',,,,
qlego-bqskit_GeneralizedSabrePass,W State Circuit,15,heavy_hex,failed,ModuleNotFoundError: No module named 'bqskit',,,,
qlego-bqskit_TrivialPlacementPass,W State Circuit,15,heavy_hex,failed,ModuleNotFoundError: No module named 'bqskit',,,,
qlego-bqskit_GreedyPlacementPass,W State Circuit,15,heavy_hex,failed,ModuleNotFoundError: No module named 'bqskit',,,,
qlego-bqskit_PAMLayoutPass,W State Circuit,15,heavy_hex,failed,ModuleNotFoundError: No module named 'bqskit',,,,
qlego-bqskit_SubtopologySelectionPass,W State Circuit,15,heavy_hex,failed,ModuleNotFoundError: No module named 'bqskit',,,,
qlego-cirq_LinePlacementStrategyPass,W State Circuit,15,heavy_hex,failed,ModuleNotFoundError: No module named 'cirq.routing',,,,
qlego-cirq_GreedySequenceSearchPass,W State Circuit,15,heavy_hex,failed,ModuleNotFoundError: No module named 'cirq.routing',,,,
qlego-cirq_AnnealSequenceSearchPass,W State Circuit,15,heavy_hex,failed,ModuleNotFoundError: No module named 'cirq.routing',,,,
qlego-qiskit_TrivialLayoutPass,Half Adder Circuit,15,heavy_hex,success,,806.0,383.0,549.0,282.0
qlego-qiskit_DenseLayoutPass,Half Adder Circuit,15,heavy_hex,success,,740.0,380.0,483.0,292.0
qlego-qiskit_SabreLayoutPass,Half Adder Circuit,15,heavy_hex,success,,647.0,319.0,390.0,223.0
qlego-qiskit_VF2LayoutPass,Half Adder Circuit,15,heavy_hex,failed,qiskit.transpiler.exceptions.TranspilerError: 'Layout algorithm failed to find a valid mapping.',,,,
qlego-qiskit_CSPLayoutPass,Half Adder Circuit,15,heavy_hex,failed,"qiskit.exceptions.MissingOptionalLibraryError: ""The 'python-constraint' library is required to use 'CSPLayout'. You can install it with 'pip install python-constraint'.""",,,,
qlego-qiskit_PresetLayoutPass,Half Adder Circuit,15,heavy_hex,success,,641.0,309.0,384.0,224.0
qlego-tket_LinePlacementPass,Half Adder Circuit,15,heavy_hex,failed,ModuleNotFoundError: No module named 'pytket',,,,
qlego-tket_GraphPlacementPass,Half Adder Circuit,15,heavy_hex,failed,ModuleNotFoundError: No module named 'pytket',,,,
qlego-tket_NoiseAwarePlacementPass,Half Adder Circuit,15,heavy_hex,failed,ModuleNotFoundError: No module named 'pytket',,,,
qlego-bqskit_GeneralizedSabrePass,Half Adder Circuit,15,heavy_hex,failed,ModuleNotFoundError: No module named 'bqskit',,,,
qlego-bqskit_TrivialPlacementPass,Half Adder Circuit,15,heavy_hex,failed,ModuleNotFoundError: No module named 'bqskit',,,,
qlego-bqskit_GreedyPlacementPass,Half Adder Circuit,15,heavy_hex,failed,ModuleNotFoundError: No module named 'bqskit',,,,
qlego-bqskit_PAMLayoutPass,Half Adder Circuit,15,heavy_hex,failed,ModuleNotFoundError: No module named 'bqskit',,,,
qlego-bqskit_SubtopologySelectionPass,Half Adder Circuit,15,heavy_hex,failed,ModuleNotFoundError: No module named 'bqskit',,,,
qlego-cirq_LinePlacementStrategyPass,Half Adder Circuit,15,heavy_hex,failed,ModuleNotFoundError: No module named 'cirq.routing',,,,
qlego-cirq_GreedySequenceSearchPass,Half Adder Circuit,15,heavy_hex,failed,ModuleNotFoundError: No module named 'cirq.routing',,,,
qlego-cirq_AnnealSequenceSearchPass,Half Adder Circuit,15,heavy_hex,failed,ModuleNotFoundError: No module named 'cirq.routing',,,,
qlego-qiskit_TrivialLayoutPass,DJ Circuit,20,heavy_hex,success,,308.0,131.0,151.0,89.0
qlego-qiskit_DenseLayoutPass,DJ Circuit,20,heavy_hex,success,,332.0,122.0,175.0,86.0
qlego-qiskit_SabreLayoutPass,DJ Circuit,20,heavy_hex,success,,224.0,102.0,67.0,65.0
qlego-qiskit_VF2LayoutPass,DJ Circuit,20,heavy_hex,failed,qiskit.transpiler.exceptions.TranspilerError: 'Layout algorithm failed to find a valid mapping.',,,,
qlego-qiskit_CSPLayoutPass,DJ Circuit,20,heavy_hex,failed,"qiskit.exceptions.MissingOptionalLibraryError: ""The 'python-constraint' library is required to use 'CSPLayout'. You can install it with 'pip install python-constraint'.""",,,,
qlego-qiskit_PresetLayoutPass,DJ Circuit,20,heavy_hex,success,,221.0,90.0,64.0,62.0
qlego-tket_LinePlacementPass,DJ Circuit,20,heavy_hex,failed,ModuleNotFoundError: No module named 'pytket',,,,
qlego-tket_GraphPlacementPass,DJ Circuit,20,heavy_hex,failed,ModuleNotFoundError: No module named 'pytket',,,,
qlego-tket_NoiseAwarePlacementPass,DJ Circuit,20,heavy_hex,failed,ModuleNotFoundError: No module named 'pytket',,,,
qlego-bqskit_GeneralizedSabrePass,DJ Circuit,20,heavy_hex,failed,ModuleNotFoundError: No module named 'bqskit',,,,
qlego-bqskit_TrivialPlacementPass,DJ Circuit,20,heavy_hex,failed,ModuleNotFoundError: No module named 'bqskit',,,,
qlego-bqskit_GreedyPlacementPass,DJ Circuit,20,heavy_hex,failed,ModuleNotFoundError: No module named 'bqskit',,,,
qlego-bqskit_PAMLayoutPass,DJ Circuit,20,heavy_hex,failed,ModuleNotFoundError: No module named 'bqskit',,,,
qlego-bqskit_SubtopologySelectionPass,DJ Circuit,20,heavy_hex,failed,ModuleNotFoundError: No module named 'bqskit',,,,
qlego-cirq_LinePlacementStrategyPass,DJ Circuit,20,heavy_hex,failed,ModuleNotFoundError: No module named 'cirq.routing',,,,
qlego-cirq_GreedySequenceSearchPass,DJ Circuit,20,heavy_hex,failed,ModuleNotFoundError: No module named 'cirq.routing',,,,
qlego-cirq_AnnealSequenceSearchPass,DJ Circuit,20,heavy_hex,failed,ModuleNotFoundError: No module named 'cirq.routing',,,,
qlego-qiskit_TrivialLayoutPass,GHZ Circuit,20,heavy_hex,success,,99.0,47.0,76.0,43.0
qlego-qiskit_DenseLayoutPass,GHZ Circuit,20,heavy_hex,success,,114.0,62.0,91.0,58.0
qlego-qiskit_SabreLayoutPass,GHZ Circuit,20,heavy_hex,success,,63.0,41.0,40.0,37.0
qlego-qiskit_VF2LayoutPass,GHZ Circuit,20,heavy_hex,success,,42.0,23.0,19.0,19.0
qlego-qiskit_CSPLayoutPass,GHZ Circuit,20,heavy_hex,failed,"qiskit.exceptions.MissingOptionalLibraryError: ""The 'python-constraint' library is required to use 'CSPLayout'. You can install it with 'pip install python-constraint'.""",,,,
qlego-qiskit_PresetLayoutPass,GHZ Circuit,20,heavy_hex,success,,42.0,23.0,19.0,19.0
qlego-tket_LinePlacementPass,GHZ Circuit,20,heavy_hex,failed,ModuleNotFoundError: No module named 'pytket',,,,
qlego-tket_GraphPlacementPass,GHZ Circuit,20,heavy_hex,failed,ModuleNotFoundError: No module named 'pytket',,,,
qlego-tket_NoiseAwarePlacementPass,GHZ Circuit,20,heavy_hex,failed,ModuleNotFoundError: No module named 'pytket',,,,
qlego-bqskit_GeneralizedSabrePass,GHZ Circuit,20,heavy_hex,failed,ModuleNotFoundError: No module named 'bqskit',,,,
qlego-bqskit_TrivialPlacementPass,GHZ Circuit,20,heavy_hex,failed,ModuleNotFoundError: No module named 'bqskit',,,,
qlego-bqskit_GreedyPlacementPass,GHZ Circuit,20,heavy_hex,failed,ModuleNotFoundError: No module named 'bqskit',,,,
qlego-bqskit_PAMLayoutPass,GHZ Circuit,20,heavy_hex,failed,ModuleNotFoundError: No module named 'bqskit',,,,
qlego-bqskit_SubtopologySelectionPass,GHZ Circuit,20,heavy_hex,failed,ModuleNotFoundError: No module named 'bqskit',,,,
qlego-cirq_LinePlacementStrategyPass,GHZ Circuit,20,heavy_hex,failed,ModuleNotFoundError: No module named 'cirq.routing',,,,
qlego-cirq_GreedySequenceSearchPass,GHZ Circuit,20,heavy_hex,failed,ModuleNotFoundError: No module named 'cirq.routing',,,,
qlego-cirq_AnnealSequenceSearchPass,GHZ Circuit,20,heavy_hex,failed,ModuleNotFoundError: No module named 'cirq.routing',,,,
qlego-qiskit_TrivialLayoutPass,Grover Circuit,20,heavy_hex,success,,14500286.0,11823660.0,8113048.0,6515947.0
qlego-qiskit_DenseLayoutPass,Grover Circuit,20,heavy_hex,success,,14510846.0,11832153.0,8123608.0,6522720.0
qlego-qiskit_SabreLayoutPass,Grover Circuit,20,heavy_hex,success,,14490653.0,11823801.0,8103415.0,6512285.0
qlego-qiskit_VF2LayoutPass,Grover Circuit,20,heavy_hex,failed,qiskit.transpiler.exceptions.TranspilerError: 'Layout algorithm failed to find a valid mapping.',,,,
qlego-qiskit_CSPLayoutPass,Grover Circuit,20,heavy_hex,failed,"qiskit.exceptions.MissingOptionalLibraryError: ""The 'python-constraint' library is required to use 'CSPLayout'. You can install it with 'pip install python-constraint'.""",,,,
qlego-qiskit_PresetLayoutPass,Grover Circuit,20,heavy_hex,failed,Timeout: pipeline exceeded 300s,,,,
qlego-tket_LinePlacementPass,Grover Circuit,20,heavy_hex,failed,ModuleNotFoundError: No module named 'pytket',,,,
qlego-tket_GraphPlacementPass,Grover Circuit,20,heavy_hex,failed,ModuleNotFoundError: No module named 'pytket',,,,
qlego-tket_NoiseAwarePlacementPass,Grover Circuit,20,heavy_hex,failed,ModuleNotFoundError: No module named 'pytket',,,,
qlego-bqskit_GeneralizedSabrePass,Grover Circuit,20,heavy_hex,failed,ModuleNotFoundError: No module named 'bqskit',,,,
qlego-bqskit_TrivialPlacementPass,Grover Circuit,20,heavy_hex,failed,ModuleNotFoundError: No module named 'bqskit',,,,
qlego-bqskit_GreedyPlacementPass,Grover Circuit,20,heavy_hex,failed,ModuleNotFoundError: No module named 'bqskit',,,,
qlego-bqskit_PAMLayoutPass,Grover Circuit,20,heavy_hex,failed,ModuleNotFoundError: No module named 'bqskit',,,,
qlego-bqskit_SubtopologySelectionPass,Grover Circuit,20,heavy_hex,failed,ModuleNotFoundError: No module named 'bqskit',,,,
qlego-cirq_LinePlacementStrategyPass,Grover Circuit,20,heavy_hex,failed,ModuleNotFoundError: No module named 'cirq.routing',,,,
qlego-cirq_GreedySequenceSearchPass,Grover Circuit,20,heavy_hex,failed,ModuleNotFoundError: No module named 'cirq.routing',,,,
qlego-cirq_AnnealSequenceSearchPass,Grover Circuit,20,heavy_hex,failed,ModuleNotFoundError: No module named 'cirq.routing',,,,
qlego-qiskit_TrivialLayoutPass,QFT Circuit,20,heavy_hex,success,,1891.0,607.0,1241.0,431.0
qlego-qiskit_DenseLayoutPass,QFT Circuit,20,heavy_hex,success,,1762.0,597.0,1112.0,430.0
qlego-qiskit_SabreLayoutPass,QFT Circuit,20,heavy_hex,success,,1684.0,582.0,1034.0,413.0
qlego-qiskit_VF2LayoutPass,QFT Circuit,20,heavy_hex,failed,qiskit.transpiler.exceptions.TranspilerError: 'Layout algorithm failed to find a valid mapping.',,,,
qlego-qiskit_CSPLayoutPass,QFT Circuit,20,heavy_hex,failed,"qiskit.exceptions.MissingOptionalLibraryError: ""The 'python-constraint' library is required to use 'CSPLayout'. You can install it with 'pip install python-constraint'.""",,,,
qlego-qiskit_PresetLayoutPass,QFT Circuit,20,heavy_hex,success,,1609.0,562.0,959.0,392.0
qlego-tket_LinePlacementPass,QFT Circuit,20,heavy_hex,failed,ModuleNotFoundError: No module named 'pytket',,,,
qlego-tket_GraphPlacementPass,QFT Circuit,20,heavy_hex,failed,ModuleNotFoundError: No module named 'pytket',,,,
qlego-tket_NoiseAwarePlacementPass,QFT Circuit,20,heavy_hex,failed,ModuleNotFoundError: No module named 'pytket',,,,
qlego-bqskit_GeneralizedSabrePass,QFT Circuit,20,heavy_hex,failed,ModuleNotFoundError: No module named 'bqskit',,,,
qlego-bqskit_TrivialPlacementPass,QFT Circuit,20,heavy_hex,failed,ModuleNotFoundError: No module named 'bqskit',,,,
qlego-bqskit_GreedyPlacementPass,QFT Circuit,20,heavy_hex,failed,ModuleNotFoundError: No module named 'bqskit',,,,
qlego-bqskit_PAMLayoutPass,QFT Circuit,20,heavy_hex,failed,ModuleNotFoundError: No module named 'bqskit',,,,
qlego-bqskit_SubtopologySelectionPass,QFT Circuit,20,heavy_hex,failed,ModuleNotFoundError: No module named 'bqskit',,,,
qlego-cirq_LinePlacementStrategyPass,QFT Circuit,20,heavy_hex,failed,ModuleNotFoundError: No module named 'cirq.routing',,,,
qlego-cirq_GreedySequenceSearchPass,QFT Circuit,20,heavy_hex,failed,ModuleNotFoundError: No module named 'cirq.routing',,,,
qlego-cirq_AnnealSequenceSearchPass,QFT Circuit,20,heavy_hex,failed,ModuleNotFoundError: No module named 'cirq.routing',,,,
qlego-qiskit_TrivialLayoutPass,Amplitude Estimation Circuit,20,heavy_hex,success,,7866115.0,6816282.0,1049732.0,1049003.0
qlego-qiskit_DenseLayoutPass,Amplitude Estimation Circuit,20,heavy_hex,success,,7866133.0,6816338.0,1049750.0,1049036.0
qlego-qiskit_SabreLayoutPass,Amplitude Estimation Circuit,20,heavy_hex,success,,7865926.0,6816246.0,1049543.0,1048971.0
qlego-qiskit_VF2LayoutPass,Amplitude Estimation Circuit,20,heavy_hex,failed,qiskit.transpiler.exceptions.TranspilerError: 'Layout algorithm failed to find a valid mapping.',,,,
qlego-qiskit_CSPLayoutPass,Amplitude Estimation Circuit,20,heavy_hex,failed,"qiskit.exceptions.MissingOptionalLibraryError: ""The 'python-constraint' library is required to use 'CSPLayout'. You can install it with 'pip install python-constraint'.""",,,,
qlego-qiskit_PresetLayoutPass,Amplitude Estimation Circuit,20,heavy_hex,success,,7865890.0,6816269.0,1049507.0,1048971.0
qlego-tket_LinePlacementPass,Amplitude Estimation Circuit,20,heavy_hex,failed,ModuleNotFoundError: No module named 'pytket',,,,
qlego-tket_GraphPlacementPass,Amplitude Estimation Circuit,20,heavy_hex,failed,ModuleNotFoundError: No module named 'pytket',,,,
qlego-tket_NoiseAwarePlacementPass,Amplitude Estimation Circuit,20,heavy_hex,failed,ModuleNotFoundError: No module named 'pytket',,,,
qlego-bqskit_GeneralizedSabrePass,Amplitude Estimation Circuit,20,heavy_hex,failed,ModuleNotFoundError: No module named 'bqskit',,,,
qlego-bqskit_TrivialPlacementPass,Amplitude Estimation Circuit,20,heavy_hex,failed,ModuleNotFoundError: No module named 'bqskit',,,,
qlego-bqskit_GreedyPlacementPass,Amplitude Estimation Circuit,20,heavy_hex,failed,ModuleNotFoundError: No module named 'bqskit',,,,
qlego-bqskit_PAMLayoutPass,Amplitude Estimation Circuit,20,heavy_hex,failed,ModuleNotFoundError: No module named 'bqskit',,,,
qlego-bqskit_SubtopologySelectionPass,Amplitude Estimation Circuit,20,heavy_hex,failed,ModuleNotFoundError: No module named 'bqskit',,,,
qlego-cirq_LinePlacementStrategyPass,Amplitude Estimation Circuit,20,heavy_hex,failed,ModuleNotFoundError: No module named 'cirq.routing',,,,
qlego-cirq_GreedySequenceSearchPass,Amplitude Estimation Circuit,20,heavy_hex,failed,ModuleNotFoundError: No module named 'cirq.routing',,,,
qlego-cirq_AnnealSequenceSearchPass,Amplitude Estimation Circuit,20,heavy_hex,failed,ModuleNotFoundError: No module named 'cirq.routing',,,,
qlego-qiskit_TrivialLayoutPass,Quantum Phase Estimation Circuit,20,heavy_hex,success,,1921.0,675.0,1217.0,479.0
qlego-qiskit_DenseLayoutPass,Quantum Phase Estimation Circuit,20,heavy_hex,success,,1918.0,712.0,1214.0,510.0
qlego-qiskit_SabreLayoutPass,Quantum Phase Estimation Circuit,20,heavy_hex,success,,1705.0,617.0,1001.0,437.0
qlego-qiskit_VF2LayoutPass,Quantum Phase Estimation Circuit,20,heavy_hex,failed,qiskit.transpiler.exceptions.TranspilerError: 'Layout algorithm failed to find a valid mapping.',,,,
qlego-qiskit_CSPLayoutPass,Quantum Phase Estimation Circuit,20,heavy_hex,failed,"qiskit.exceptions.MissingOptionalLibraryError: ""The 'python-constraint' library is required to use 'CSPLayout'. You can install it with 'pip install python-constraint'.""",,,,
qlego-qiskit_PresetLayoutPass,Quantum Phase Estimation Circuit,20,heavy_hex,success,,1663.0,627.0,959.0,418.0
qlego-tket_LinePlacementPass,Quantum Phase Estimation Circuit,20,heavy_hex,failed,ModuleNotFoundError: No module named 'pytket',,,,
qlego-tket_GraphPlacementPass,Quantum Phase Estimation Circuit,20,heavy_hex,failed,ModuleNotFoundError: No module named 'pytket',,,,
qlego-tket_NoiseAwarePlacementPass,Quantum Phase Estimation Circuit,20,heavy_hex,failed,ModuleNotFoundError: No module named 'pytket',,,,
qlego-bqskit_GeneralizedSabrePass,Quantum Phase Estimation Circuit,20,heavy_hex,failed,ModuleNotFoundError: No module named 'bqskit',,,,
qlego-bqskit_TrivialPlacementPass,Quantum Phase Estimation Circuit,20,heavy_hex,failed,ModuleNotFoundError: No module named 'bqskit',,,,
qlego-bqskit_GreedyPlacementPass,Quantum Phase Estimation Circuit,20,heavy_hex,failed,ModuleNotFoundError: No module named 'bqskit',,,,
qlego-bqskit_PAMLayoutPass,Quantum Phase Estimation Circuit,20,heavy_hex,failed,ModuleNotFoundError: No module named 'bqskit',,,,
qlego-bqskit_SubtopologySelectionPass,Quantum Phase Estimation Circuit,20,heavy_hex,failed,ModuleNotFoundError: No module named 'bqskit',,,,
qlego-cirq_LinePlacementStrategyPass,Quantum Phase Estimation Circuit,20,heavy_hex,failed,ModuleNotFoundError: No module named 'cirq.routing',,,,
qlego-cirq_GreedySequenceSearchPass,Quantum Phase Estimation Circuit,20,heavy_hex,failed,ModuleNotFoundError: No module named 'cirq.routing',,,,
qlego-cirq_AnnealSequenceSearchPass,Quantum Phase Estimation Circuit,20,heavy_hex,failed,ModuleNotFoundError: No module named 'cirq.routing',,,,
qlego-qiskit_TrivialLayoutPass,W State Circuit,20,heavy_hex,success,,450.0,205.0,125.0,64.0
qlego-qiskit_DenseLayoutPass,W State Circuit,20,heavy_hex,success,,474.0,233.0,149.0,93.0
qlego-qiskit_SabreLayoutPass,W State Circuit,20,heavy_hex,success,,390.0,199.0,65.0,48.0
qlego-qiskit_VF2LayoutPass,W State Circuit,20,heavy_hex,success,,363.0,181.0,38.0,21.0
qlego-qiskit_CSPLayoutPass,W State Circuit,20,heavy_hex,failed,"qiskit.exceptions.MissingOptionalLibraryError: ""The 'python-constraint' library is required to use 'CSPLayout'. You can install it with 'pip install python-constraint'.""",,,,
qlego-qiskit_PresetLayoutPass,W State Circuit,20,heavy_hex,success,,363.0,181.0,38.0,21.0
qlego-tket_LinePlacementPass,W State Circuit,20,heavy_hex,failed,ModuleNotFoundError: No module named 'pytket',,,,
qlego-tket_GraphPlacementPass,W State Circuit,20,heavy_hex,failed,ModuleNotFoundError: No module named 'pytket',,,,
qlego-tket_NoiseAwarePlacementPass,W State Circuit,20,heavy_hex,failed,ModuleNotFoundError: No module named 'pytket',,,,
qlego-bqskit_GeneralizedSabrePass,W State Circuit,20,heavy_hex,failed,ModuleNotFoundError: No module named 'bqskit',,,,
qlego-bqskit_TrivialPlacementPass,W State Circuit,20,heavy_hex,failed,ModuleNotFoundError: No module named 'bqskit',,,,
qlego-bqskit_GreedyPlacementPass,W State Circuit,20,heavy_hex,failed,ModuleNotFoundError: No module named 'bqskit',,,,
qlego-bqskit_PAMLayoutPass,W State Circuit,20,heavy_hex,failed,ModuleNotFoundError: No module named 'bqskit',,,,
qlego-bqskit_SubtopologySelectionPass,W State Circuit,20,heavy_hex,failed,ModuleNotFoundError: No module named 'bqskit',,,,
qlego-cirq_LinePlacementStrategyPass,W State Circuit,20,heavy_hex,failed,ModuleNotFoundError: No module named 'cirq.routing',,,,
qlego-cirq_GreedySequenceSearchPass,W State Circuit,20,heavy_hex,failed,ModuleNotFoundError: No module named 'cirq.routing',,,,
qlego-cirq_AnnealSequenceSearchPass,W State Circuit,20,heavy_hex,failed,ModuleNotFoundError: No module named 'cirq.routing',,,,
